feature,mean_abs_shap
sentiment_volatility,0.12003935253395973
login_drop_pct,0.0821644770262677
attendance_drop_pct,0.05705347443245084
attendance_slope,0.029336707544865493
login_volatility,0.024529577769259632
sentiment_change,0.015581290998396048
login_slope,0.01442841035634208
delay_slope,0.014369298080892729
sentiment_slope,0.013770398382113023
delay_increase_pct,0.0039140353931070805
